{
    "name": "CubeGeometry",
    "metadata": {
        "type": "Geometry",
        "normals": 8,
        "faces": 6,
        "vertices": 8,
        "generator": "io_three",
        "uvs": 0,
        "version": 3
    },
    "normals": [0.577349,-0.577349,-0.577349,0.577349,-0.577349,0.577349,-0.577349,-0.577349,0.577349,-0.577349,-0.577349,-0.577349,0.577349,0.577349,-0.577349,-0.577349,0.577349,-0.577349,-0.577349,0.577349,0.577349,0.577349,0.577349,0.577349],
    "faces": [33,0,1,2,3,0,1,2,3,33,4,7,6,5,4,5,6,7,33,0,4,5,1,0,4,7,1,33,1,5,6,2,1,7,6,2,33,2,6,7,3,2,6,5,3,33,4,0,3,7,4,0,3,5],
    "vertices": [0.944134,-0.856062,-0.975162,0.944134,-0.856062,1.02484,-1.05587,-0.856062,1.02484,-1.05587,-0.856062,-0.975162,0.944134,1.14394,-0.975161,0.944133,1.14394,1.02484,-1.05587,1.14394,1.02484,-1.05587,1.14394,-0.975162],
    "uvs": []
}